"ユーザID","ログインID","名前","コメント","ユーザコード","生年月日","性別","言語","タイムゾーン","組織コード","組織","管理者","テーマ","説明","最終ログイン日時","パスワード有効期限","パスワード変更日時","ログイン回数","ログイン失敗回数","テナント管理者","サイトトップへの作成を許可","グループの管理を許可","グループの作成を許可","APIを許可","サイトトップからの移動を許可","2段階認証の有効化","2段階認証の無効化","無効","ロック","ロックカウンター","秘密鍵有効","ログイン有効期限","無効化までの日数","作成者","更新者","更新日時","メールアドレス","パスワード"
"504173","Tenant23758_User1","テナント管理者","","","","","Japanese","Tokyo Standard Time","000110","人事部","","","","2026/04/03 金 08:50:59","","","7","0","1","","","","","","","","","","0","","","0","","テナント管理者","2026/04/01 水 15:26:59","Tenant23758_User1@example.com",""
"504192","Tenant23758_User20","村上 佳奈","","","","","Japanese","Tokyo Standard Time","000610","開発2部","","","","","","","0","0","","","","","","","","","","","0","","","0","","","2026/02/17 火 12:48:20","Tenant23758_User20@example.com",""
"504191","Tenant23758_User19","井上 健一","","","","","Japanese","Tokyo Standard Time","000610","開発2部","","","","","","","0","0","","","","","","","","","","","0","","","0","","","2026/02/17 火 12:48:20","Tenant23758_User19@example.com",""
"504190","Tenant23758_User18","松本 美咲","","","","","Japanese","Tokyo Standard Time","000610","開発2部","","","","","","","0","0","","","","","","","","","","","0","","","0","","","2026/02/17 火 12:48:20","Tenant23758_User18@example.com",""
"504189","Tenant23758_User17","山口 太郎","","","","","Japanese","Tokyo Standard Time","000610","開発2部","","","","","","","0","0","","","","","","","","","","","0","","","0","","","2026/02/17 火 12:48:20","Tenant23758_User17@example.com",""
"504188","Tenant23758_User16","佐々木 春香","","","","","Japanese","Tokyo Standard Time","000610","開発2部","","","","","","","0","0","","","","","","","","","","","0","","","0","","","2026/02/17 火 12:48:20","Tenant23758_User16@example.com",""
"504187","Tenant23758_User15","伊藤 大輔","","","","","Japanese","Tokyo Standard Time","000610","開発2部","","","","","","","0","0","","","","","","","","","","","0","","","0","","","2026/02/17 火 12:48:20","Tenant23758_User15@example.com",""
"504186","Tenant23758_User14","吉田 結","","","","","Japanese","Tokyo Standard Time","000610","開発2部","","","","","","","0","0","","","","","","","","","","","0","","","0","","","2026/02/17 火 12:48:20","Tenant23758_User14@example.com",""
"504185","Tenant23758_User13","加藤 誠","","","","","Japanese","Tokyo Standard Time","000610","開発2部","","","","","","","0","0","","","","","","","","","","","0","","","0","","","2026/02/17 火 12:48:20","Tenant23758_User13@example.com",""
"504184","Tenant23758_User12","小林 佳子","","","","","Japanese","Tokyo Standard Time","000610","開発2部","","","","","","","0","0","","","","","","","","","","","0","","","0","","","2026/02/17 火 12:48:20","Tenant23758_User12@example.com",""
"504183","Tenant23758_User11","中村 隆","","","","","Japanese","Tokyo Standard Time","000510","開発1部","","","","","","","0","0","","","","","","","","","","","0","","","0","","","2026/02/17 火 12:48:20","Tenant23758_User11@example.com",""
"504182","Tenant23758_User10","山本 陽子","","","","","Japanese","Tokyo Standard Time","000510","開発1部","","","","","","","0","0","","","","","","","","","","","0","","","0","","","2026/02/17 火 12:48:20","Tenant23758_User10@example.com",""
"504181","Tenant23758_User9","渡邉 博","","","","","Japanese","Tokyo Standard Time","000510","開発1部","","","","","","","0","0","","","","","","","","","","","0","","","0","","","2026/02/17 火 12:48:20","Tenant23758_User9@example.com",""
"504180","Tenant23758_User8","田中 恵子","","","","","Japanese","Tokyo Standard Time","000510","開発1部","","","","","","","0","0","","","","","","","","","","","0","","","0","","","2026/02/17 火 12:48:20","Tenant23758_User8@example.com",""
"504179","Tenant23758_User7","鈴木 洋一","","","","","Japanese","Tokyo Standard Time","000510","開発1部","","","","","","","0","0","","","","","","","","","","","0","","","0","","","2026/02/17 火 12:48:20","Tenant23758_User7@example.com",""
"504178","Tenant23758_User6","Brown Emily","","","","","Japanese","Tokyo Standard Time","000510","開発1部","","","","","","","0","0","","","","","","","","","","","0","","","0","","","2026/02/17 火 12:48:20","Tenant23758_User6@example.com",""
"504177","Tenant23758_User5","Wilson Daniel","","","","","Japanese","Tokyo Standard Time","000410","営業部","","","","","","","0","0","","","","","","","","","","","0","","","0","","","2026/02/17 火 12:48:20","Tenant23758_User5@example.com",""
"504176","Tenant23758_User4","斎藤 美樹","","","","","Japanese","Tokyo Standard Time","000410","営業部","","","","","","","0","0","","","","","","","","","","","0","","","0","","","2026/02/17 火 12:48:20","Tenant23758_User4@example.com",""
"504175","Tenant23758_User3","高橋 一郎","","","","","Japanese","Tokyo Standard Time","000310","総務部","","","","","","","0","0","","","","","","","","","","","0","","","0","","","2026/02/17 火 12:48:20","Tenant23758_User3@example.com",""
"504174","Tenant23758_User2","佐藤 由香","","","","","Japanese","Tokyo Standard Time","000210","経理部","","","","2026/02/25 水 11:41:33","","","1","0","","","","","","","","","","","0","","","0","","","2026/02/17 火 12:48:20","Tenant23758_User2@example.com",""
